{
  "year": 1927,
  "league": "AL",
  "BA": 0.28547008547008546,
  "HR_per_PA": 0.009142287234042553,
  "BB_per_PA": 0.08128324468085106,
  "K_per_PA": 0.07064494680851063,
  "2B_per_PA": 0.046875,
  "3B_per_PA": 0.012632978723404254,
  "HBP_per_PA": 0.005485372340425532,
  "raw": {
    "G": 155,
    "PA": 6016,
    "AB": 5265,
    "H": 1503,
    "2B": 282,
    "3B": 76,
    "HR": 55,
    "BB": 504,
    "SO": 425,
    "HBP": 33,
    "SF": 0,
    "IBB": 15
  }
}