{
  "year": 1972,
  "league": "AL",
  "BA": 0.2389655842893253,
  "HR_per_PA": 0.01700503210133611,
  "BB_per_PA": 0.07357279194863786,
  "K_per_PA": 0.14714558389727572,
  "2B_per_PA": 0.03262189831684886,
  "3B_per_PA": 0.004511539128925907,
  "HBP_per_PA": 0.005726184279021343,
  "raw": {
    "G": 155,
    "PA": 5763,
    "AB": 5143,
    "H": 1229,
    "2B": 188,
    "3B": 26,
    "HR": 98,
    "BB": 478,
    "SO": 848,
    "HBP": 33,
    "SF": 34,
    "IBB": 54
  }
}