{
  "year": 1983,
  "league": "AL",
  "BA": 0.26551538046411227,
  "HR_per_PA": 0.021963824289405683,
  "BB_per_PA": 0.07541989664082688,
  "K_per_PA": 0.12645348837209303,
  "2B_per_PA": 0.042797157622739015,
  "3B_per_PA": 0.006298449612403101,
  "HBP_per_PA": 0.0048449612403100775,
  "raw": {
    "G": 162,
    "PA": 6192,
    "AB": 5559,
    "H": 1476,
    "2B": 265,
    "3B": 39,
    "HR": 136,
    "BB": 507,
    "SO": 783,
    "HBP": 30,
    "SF": 51,
    "IBB": 40
  }
}