{
  "year": 1990,
  "league": "AL",
  "BA": 0.25902296755377324,
  "HR_per_PA": 0.02075900097307817,
  "BB_per_PA": 0.08157638663639312,
  "K_per_PA": 0.14693480376256893,
  "2B_per_PA": 0.041193642555951995,
  "3B_per_PA": 0.0053519299383717155,
  "HBP_per_PA": 0.005838469023678235,
  "raw": {
    "G": 162,
    "PA": 6166,
    "AB": 5486,
    "H": 1421,
    "2B": 254,
    "3B": 33,
    "HR": 128,
    "BB": 545,
    "SO": 906,
    "HBP": 36,
    "SF": 50,
    "IBB": 42
  }
}