{
  "year": 2001,
  "league": "AL",
  "BA": 0.2667980648629278,
  "HR_per_PA": 0.028630838131797825,
  "BB_per_PA": 0.07677543186180422,
  "K_per_PA": 0.16554702495201534,
  "2B_per_PA": 0.04798464491362764,
  "3B_per_PA": 0.004958413307741522,
  "HBP_per_PA": 0.01055662188099808,
  "raw": {
    "G": 162,
    "PA": 6252,
    "AB": 5581,
    "H": 1489,
    "2B": 300,
    "3B": 31,
    "HR": 179,
    "BB": 517,
    "SO": 1035,
    "HBP": 66,
    "SF": 49,
    "IBB": 37
  }
}