{
  "year": 2014,
  "league": "NL",
  "BA": 0.24931805782869612,
  "HR_per_PA": 0.02207325049051668,
  "BB_per_PA": 0.06998037933289732,
  "K_per_PA": 0.2092871157619359,
  "2B_per_PA": 0.043655984303466316,
  "3B_per_PA": 0.005068672334859386,
  "HBP_per_PA": 0.008992805755395683,
  "raw": {
    "G": 162,
    "PA": 6116,
    "AB": 5499,
    "H": 1371,
    "2B": 267,
    "3B": 31,
    "HR": 135,
    "BB": 462,
    "SO": 1280,
    "HBP": 55,
    "SF": 40,
    "IBB": 34
  }
}