{
  "year": 2019,
  "league": "AL",
  "BA": 0.25314183123877915,
  "HR_per_PA": 0.037305032963498956,
  "BB_per_PA": 0.08200675349734685,
  "K_per_PA": 0.22961890979257116,
  "2B_per_PA": 0.04630969609261939,
  "3B_per_PA": 0.004180736452805918,
  "HBP_per_PA": 0.009969448464383341,
  "raw": {
    "G": 162,
    "PA": 6219,
    "AB": 5570,
    "H": 1410,
    "2B": 288,
    "3B": 26,
    "HR": 232,
    "BB": 528,
    "SO": 1428,
    "HBP": 62,
    "SF": 40,
    "IBB": 18
  }
}