{
  "year": 2023,
  "league": "AL",
  "BA": 0.2467201166180758,
  "HR_per_PA": 0.031831537708129284,
  "BB_per_PA": 0.08096637283708782,
  "K_per_PA": 0.23130917401240614,
  "2B_per_PA": 0.044890630101207966,
  "3B_per_PA": 0.0037544890630101207,
  "HBP_per_PA": 0.011426705843943846,
  "raw": {
    "G": 162,
    "PA": 6126,
    "AB": 5488,
    "H": 1354,
    "2B": 275,
    "3B": 23,
    "HR": 195,
    "BB": 513,
    "SO": 1417,
    "HBP": 70,
    "SF": 39,
    "IBB": 17
  }
}